<?xml version="1.0" encoding="UTF-8" ?>
<!DOCTYPE ViewObject SYSTEM "jbo_03_01.dtd">
<!---->
<ViewObject
  xmlns="http://xmlns.oracle.com/bc4j"
  Name="DelegateAccess2"
  Version="12.2.1.9.14"
  InheritPersonalization="merge"
  BindingStyle="OracleName"
  CustomQuery="true"
  PageIterMode="Full">
  <DesignTime>
    <Attr Name="_isExpertMode" Value="true"/>
  </DesignTime>
  <Properties>
    <SchemaBasedProperties>
      <LABEL
        ResId="vpomodel.vo.DelegateAccess2_LABEL"/>
    </SchemaBasedProperties>
  </Properties>
  <Variable
    Name="pId2"
    Kind="where"
    Type="java.lang.String"/>
  <Variable
    Name="codeAlias2"
    Kind="where"
    Type="java.lang.String"/>
  <SQLQuery><![CDATA[SELECT DISTINCT SSP.COUNTRY_CODE  
FROM ESB_V_STUDY_SITE_PERSONNEL SSP  
,ESB_V_STUDY S  
,ESB_V_STUDY_SITE SS  
WHERE SS.STUDY_EREF=S.STUDY_EID  
AND SS.STUDY_SITE_EID=SSP.STUDY_SITE_EREF  
AND S.STUDY_STATUS_CODE IN ('A','P')   
AND SS.STUDY_SITE_STATUS_CODE IN ('ACT','PLN')  
AND SSP.PERSONNEL_ID like :pId2   
AND SSP.STUDY_CODE_ALIAS like :codeAlias2]]></SQLQuery>
  <ViewAttribute
    Name="CountryCode"
    IsUpdateable="false"
    IsPersistent="false"
    PrecisionRule="true"
    Precision="255"
    Type="java.lang.String"
    ColumnType="VARCHAR2"
    AliasName="COUNTRY_CODE"
    Expression="COUNTRY_CODE"
    SQLType="VARCHAR">
    <DesignTime>
      <Attr Name="_DisplaySize" Value="3"/>
    </DesignTime>
  </ViewAttribute>
  <ResourceBundle>
    <PropertiesBundle
      PropertiesFile="vpomodel.VPORESTModelBundle"/>
  </ResourceBundle>
  <AttrArray Name="KeyAttributes">
    <Item Value="CountryCode"/>
  </AttrArray>
</ViewObject>
