<?xml version="1.0" encoding="UTF-8" ?>
<!DOCTYPE ViewObject SYSTEM "jbo_03_01.dtd">
<!---->
<ViewObject
  xmlns="http://xmlns.oracle.com/bc4j"
  Name="DelegateRevokeAccessSiteMO"
  Version="12.2.1.9.14"
  InheritPersonalization="merge"
  BindingStyle="OracleName"
  CustomQuery="true"
  PageIterMode="Full">
  <DesignTime>
    <Attr Name="_isExpertMode" Value="true"/>
  </DesignTime>
  <Properties>
    <SchemaBasedProperties>
      <LABEL
        ResId="vpomodel.vo.DelegateRevokeAccessSiteMO_LABEL"/>
    </SchemaBasedProperties>
  </Properties>
  <Variable
    Name="studyCodeAliasRA"
    Kind="where"
    Type="java.lang.String"/>
  <Variable
    Name="countryCodeRA"
    Kind="where"
    Type="java.lang.String"/>
  <Variable
    Name="delegationFlagRA"
    Kind="where"
    Type="java.lang.String"/>
  <Variable
    Name="fromDateRA"
    Kind="where"
    Type="java.lang.String"/>
  <Variable
    Name="endDateRA"
    Kind="where"
    Type="java.lang.String"/>
  <Variable
    Name="personnelSite"
    Kind="where"
    Type="java.lang.String"/>
  <SQLQuery><![CDATA[SELECT DISTINCT SS.STUDY_SITE_ID     
FROM ESB_V_STUDY_SITE SS, STUDY_SITE_DELEGATION SSD     
WHERE SS.STUDY_SITE_ID_VPO=SSD.STUDY_SITE_ID_VPO     
AND SS.STUDY_CODE_ALIAS = :studyCodeAliasRA     
AND SS.COUNTRY_CODE = :countryCodeRA    
AND SSD.STUDY_SITE_DEL_FLAG= :delegationFlagRA     
AND SSD.DELGATION_ID IN     
(SELECT DISTINCT URD.DELEGATION_ID     
        FROM USER_ROLE_DELEGATION URD     
        WHERE TO_CHAR(URD.START_DATE,'DD-Mon-YY')  = :fromDateRA    
        AND TO_CHAR(URD.END_DATE,'DD-Mon-YY')  = :endDateRA    
        AND URD.UR_DELEGATION_FLAG= :delegationFlagRA    
        AND URD.TO_USER_ID =     
        (SELECT UM.USER_ID     
        FROM USER_MASTER UM     
        WHERE UM.PERSONNEL_ID =     
        (SELECT PD.PERSONNEL_ID     
        FROM PERSONNEL_DETAILS PD     
        WHERE UPPER(PD.PERSONNEL_USER_ID) like UPPER(:personnelSite))))]]></SQLQuery>
  <ViewAttribute
    Name="StudySiteId"
    IsUpdateable="false"
    IsPersistent="false"
    PrecisionRule="true"
    Precision="255"
    Type="java.lang.String"
    ColumnType="VARCHAR2"
    AliasName="STUDY_SITE_ID"
    Expression="STUDY_SITE_ID"
    SQLType="VARCHAR">
    <DesignTime>
      <Attr Name="_DisplaySize" Value="10"/>
    </DesignTime>
  </ViewAttribute>
  <AttrArray Name="KeyAttributes">
    <Item Value="StudySiteId"/>
  </AttrArray>
  <ResourceBundle>
    <PropertiesBundle
      PropertiesFile="vpomodel.VPORESTModelBundle"/>
  </ResourceBundle>
</ViewObject>
