<?xml version="1.0" encoding="windows-1252" ?>
<!DOCTYPE ViewObject SYSTEM "jbo_03_01.dtd">
<!---->
<ViewObject
  xmlns="http://xmlns.oracle.com/bc4j"
  Name="FrstnLast"
  Version="12.2.1.12.24"
  InheritPersonalization="merge"
  BindingStyle="OracleName"
  CustomQuery="true"
  PageIterMode="Full">
  <DesignTime>
    <Attr Name="_isExpertMode" Value="true"/>
  </DesignTime>
  <Properties>
    <SchemaBasedProperties>
      <LABEL
        ResId="vpomodel.vo.FrstnLast_LABEL"/>
    </SchemaBasedProperties>
  </Properties>
  <Variable
    Name="studysiteId"
    Kind="where"
    Type="java.lang.String"/>
  <Variable
    Name="studyCodeAlias"
    Kind="where"
    Type="java.lang.String"/>
  <Variable
    Name="countryCode"
    Kind="where"
    Type="java.lang.String"/>
  <SQLQuery><![CDATA[SELECT DISTINCT  P.PERSONNEL_ID ,P.FORENAME  || ' ' ||  P.SURNAME SITE_PERSONNEL_NAME 
FROM ESB_V_STUDY_SITE_PERSONNEL SSP,ESB_V_PERSONNEL P 
WHERE  
P.PERSONNEL_EID=SSP.PERSONNEL_EREF 
AND SSP.STUDY_SITE_ID= :studysiteId 
AND SSP.STUDY_CODE_ALIAS like :studyCodeAlias  
AND SSP.COUNTRY_CODE like :countryCode 
AND P.PERSONNEL_ID LIKE '%C@CA' AND P.PERSONNEL_ID NOT LIKE '%P@CA']]></SQLQuery>
  <ViewAttribute
    Name="PersonnelId"
    IsUpdateable="false"
    IsPersistent="false"
    PrecisionRule="true"
    Precision="255"
    Type="java.lang.String"
    ColumnType="VARCHAR2"
    AliasName="PERSONNEL_ID"
    Expression="PERSONNEL_ID"
    SQLType="VARCHAR">
    <DesignTime>
      <Attr Name="_DisplaySize" Value="44"/>
    </DesignTime>
  </ViewAttribute>
  <ViewAttribute
    Name="SitePersonnelName"
    IsUpdateable="false"
    IsPersistent="false"
    PrecisionRule="true"
    Precision="61"
    Type="java.lang.String"
    ColumnType="VARCHAR2"
    AliasName="SITE_PERSONNEL_NAME"
    Expression="SITE_PERSONNEL_NAME"
    SQLType="VARCHAR">
    <DesignTime>
      <Attr Name="_DisplaySize" Value="61"/>
    </DesignTime>
  </ViewAttribute>
  <AttrArray Name="KeyAttributes">
    <Item Value="PersonnelId"/>
  </AttrArray>
  <ResourceBundle>
    <PropertiesBundle
      PropertiesFile="vpomodel.VPORESTModelBundle"/>
  </ResourceBundle>
</ViewObject>
