<?xml version="1.0" encoding="UTF-8" ?>
<!DOCTYPE ViewObject SYSTEM "jbo_03_01.dtd">
<!---->
<ViewObject
  xmlns="http://xmlns.oracle.com/bc4j"
  Name="GridDetails"
  Version="12.2.1.9.14"
  InheritPersonalization="merge"
  BindingStyle="OracleName"
  CustomQuery="true"
  PageIterMode="Full">
  <DesignTime>
    <Attr Name="_isExpertMode" Value="true"/>
  </DesignTime>
  <Properties>
    <SchemaBasedProperties>
      <LABEL
        ResId="vpomodel.vo.GridDetails_LABEL"/>
    </SchemaBasedProperties>
  </Properties>
  <Variable
    Name="countryId3"
    Kind="where"
    Type="java.lang.String"/>
  <Variable
    Name="regionId3"
    Kind="where"
    Type="java.lang.String"/>
  <Variable
    Name="questionId3"
    Kind="where"
    Type="java.lang.String"/>
  <Variable
    Name="phaseName3"
    Kind="where"
    Type="java.lang.String"/>
  <SQLQuery><![CDATA[SELECT  QM.QUESTION_ID  "questionId"                             
,QM.QUESTION_DETAILS    "questionDetails"                          
,QM.QUESTION_CATEGORY    "questionCategory"                          
,VC.VENDOR_CATEGORY_NAME  "vendorCategoryName"           
,VC.VENDOR_CATEGORY_ID  "vendorCategoryId"           
,PCD.CHKLIST_FLAG "ANSWER"            
,PCD.PHASEWISE_ID "phaseId"           
,PCD.PHASEWISE_QUESTION_ID  "phaseQuestionId"           
, PQD.PHASE_NAME  "PhaseName"           
,PQD.PHASEWISE_QUESTION_ID "phaseQuestionId"           
,PQD.REGION_COUNTRY_ID  "regionCountryId"         
,RCM.COUNTRY_ID "countryId"         
,RCM.REGION_ID  "regionId"     
FROM VENDOR_CATEGORY VC,PHASEWISE_CHKLIST_DTLS PCD,QUESTION_MASTER QM,PHASEWISE_QUESTION_DTLS PQD, REGION_COUNTRY_MAPPING RCM                             
WHERE VC.VENDOR_CATEGORY_ID=PCD.VENDOR_CATEGORY_ID                              
AND PQD.REGION_COUNTRY_ID=RCM.ID                           
AND QM.QUESTION_ID=PCD.PHASEWISE_QUESTION_ID                              
AND PQD.PHASEWISE_QUESTION_ID=PCD.PHASEWISE_QUESTION_ID          
AND QM.QUESTION_ID=PQD.QUESTION_ID         
AND RCM.COUNTRY_ID=:countryId3        
AND RCM.REGION_ID=:regionId3        
AND QM.QUESTION_ID=:questionId3        
AND PQD.PHASE_NAME like :phaseName3        
ORDER BY QM.CREATED_DATE DESC]]></SQLQuery>
  <ViewAttribute
    Name="Questionid"
    IsUpdateable="false"
    IsPersistent="false"
    PrecisionRule="true"
    Type="java.math.BigDecimal"
    ColumnType="NUMBER"
    AliasName='"questionId"'
    Expression='"questionId"'
    SQLType="NUMERIC"/>
  <ViewAttribute
    Name="Questiondetails"
    IsUpdateable="false"
    IsPersistent="false"
    PrecisionRule="true"
    Precision="300"
    Type="java.lang.String"
    ColumnType="VARCHAR2"
    AliasName='"questionDetails"'
    Expression='"questionDetails"'
    SQLType="VARCHAR">
    <DesignTime>
      <Attr Name="_DisplaySize" Value="300"/>
    </DesignTime>
  </ViewAttribute>
  <ViewAttribute
    Name="Questioncategory"
    IsUpdateable="false"
    IsPersistent="false"
    PrecisionRule="true"
    Precision="50"
    Type="java.lang.String"
    ColumnType="VARCHAR2"
    AliasName='"questionCategory"'
    Expression='"questionCategory"'
    SQLType="VARCHAR">
    <DesignTime>
      <Attr Name="_DisplaySize" Value="50"/>
    </DesignTime>
  </ViewAttribute>
  <ViewAttribute
    Name="Vendorcategoryname"
    IsUpdateable="false"
    IsPersistent="false"
    PrecisionRule="true"
    Precision="50"
    Type="java.lang.String"
    ColumnType="VARCHAR2"
    AliasName='"vendorCategoryName"'
    Expression='"vendorCategoryName"'
    SQLType="VARCHAR">
    <DesignTime>
      <Attr Name="_DisplaySize" Value="50"/>
    </DesignTime>
  </ViewAttribute>
  <ViewAttribute
    Name="Vendorcategoryid"
    IsUpdateable="false"
    IsPersistent="false"
    PrecisionRule="true"
    Type="java.math.BigDecimal"
    ColumnType="NUMBER"
    AliasName='"vendorCategoryId"'
    Expression='"vendorCategoryId"'
    SQLType="NUMERIC"/>
  <ViewAttribute
    Name="Answer"
    IsUpdateable="false"
    IsPersistent="false"
    PrecisionRule="true"
    Precision="1"
    Type="java.lang.String"
    ColumnType="VARCHAR2"
    AliasName="ANSWER"
    Expression="ANSWER"
    SQLType="VARCHAR">
    <DesignTime>
      <Attr Name="_DisplaySize" Value="1"/>
    </DesignTime>
  </ViewAttribute>
  <ViewAttribute
    Name="Phaseid"
    IsUpdateable="false"
    IsPersistent="false"
    PrecisionRule="true"
    Type="java.math.BigDecimal"
    ColumnType="NUMBER"
    AliasName='"phaseId"'
    Expression='"phaseId"'
    SQLType="NUMERIC"/>
  <ViewAttribute
    Name="Phasequestionid"
    IsUpdateable="false"
    IsPersistent="false"
    PrecisionRule="true"
    Type="java.math.BigDecimal"
    ColumnType="NUMBER"
    AliasName='"phaseQuestionId"'
    Expression='"phaseQuestionId"'
    SQLType="NUMERIC"/>
  <ViewAttribute
    Name="Phasename"
    IsUpdateable="false"
    IsPersistent="false"
    PrecisionRule="true"
    Precision="50"
    Type="java.lang.String"
    ColumnType="VARCHAR2"
    AliasName='"PhaseName"'
    Expression='"PhaseName"'
    SQLType="VARCHAR">
    <DesignTime>
      <Attr Name="_DisplaySize" Value="50"/>
    </DesignTime>
  </ViewAttribute>
  <ViewAttribute
    Name="Regioncountryid"
    IsUpdateable="false"
    IsPersistent="false"
    PrecisionRule="true"
    Type="java.math.BigDecimal"
    ColumnType="NUMBER"
    AliasName='"regionCountryId"'
    Expression='"regionCountryId"'
    SQLType="NUMERIC"/>
  <ViewAttribute
    Name="Countryid"
    IsUpdateable="false"
    IsPersistent="false"
    PrecisionRule="true"
    Type="java.math.BigDecimal"
    ColumnType="NUMBER"
    AliasName='"countryId"'
    Expression='"countryId"'
    SQLType="NUMERIC"/>
  <ViewAttribute
    Name="Regionid"
    IsUpdateable="false"
    IsPersistent="false"
    PrecisionRule="true"
    Type="java.math.BigDecimal"
    ColumnType="NUMBER"
    AliasName='"regionId"'
    Expression='"regionId"'
    SQLType="NUMERIC"/>
  <AttrArray Name="KeyAttributes">
    <Item Value="Questionid"/>
  </AttrArray>
  <ResourceBundle>
    <PropertiesBundle
      PropertiesFile="vpomodel.VPORESTModelBundle"/>
  </ResourceBundle>
</ViewObject>
