<?xml version="1.0" encoding="UTF-8" ?>
<!DOCTYPE ViewObject SYSTEM "jbo_03_01.dtd">
<!---->
<ViewObject
  xmlns="http://xmlns.oracle.com/bc4j"
  Name="UserInfo"
  Version="12.2.1.9.14"
  InheritPersonalization="merge"
  BindingStyle="OracleName"
  CustomQuery="true"
  PageIterMode="Full">
  <DesignTime>
    <Attr Name="_isExpertMode" Value="true"/>
  </DesignTime>
  <Properties>
    <SchemaBasedProperties>
      <LABEL
        ResId="vpomodel.vo.UserInfo_LABEL"/>
    </SchemaBasedProperties>
  </Properties>
  <Variable
    Name="userStatus"
    Kind="where"
    Type="java.lang.String"/>
  <Variable
    Name="roleStatus"
    Kind="where"
    Type="java.lang.String"/>
  <Variable
    Name="personnelId"
    Kind="where"
    Type="java.lang.String"/>
  <SQLQuery><![CDATA[SELECT  UM.USER_ID,           
        (SELECT PD.FIRST_NAME || ' '||PD.SURNAME FROM PERSONNEL_DETAILS PD WHERE PD.PERSONNEL_ID = UM.PERSONNEL_ID) USER_NAME,           
        RM.ROLE_ID,           
        RM.ROLE_CODE,           
        RM.ROLE_DESC,           
        RD.MODULE_NAME,           
        RD.ACCESS_TYPE,           
        URM.START_DATE,           
        URM.END_DATE ,   
        PD.PERSONNEL_USER_ID   
FROM    USER_MASTER UM,            
        USER_ROLE_MAPPING URM,            
        ROLE_MASTER RM,            
        ROLE_DETAILS RD,    
        PERSONNEL_DETAILS PD    
WHERE URM.USER_ID=UM.USER_ID           
AND URM.ROLE_DET_ID=RD.ROLE_DET_ID           
AND RD.ROLE_ID=RM.ROLE_ID           
AND UM.PERSONNEL_ID = PD.PERSONNEL_ID       
AND UPPER(UM.USER_STATUS) like   UPPER(:userStatus)          
AND UPPER(RM.ROLE_STATUS) like  UPPER(:roleStatus)        
AND PD.PERSONNEL_USER_ID like :personnelId      
AND END_DATE IS NULL]]></SQLQuery>
  <ViewAttribute
    Name="UserId"
    IsUpdateable="false"
    IsPersistent="false"
    PrecisionRule="true"
    Type="java.math.BigDecimal"
    ColumnType="NUMBER"
    AliasName="USER_ID"
    Expression="USER_ID"
    SQLType="NUMERIC"/>
  <ViewAttribute
    Name="UserName"
    IsUpdateable="false"
    IsPersistent="false"
    PrecisionRule="true"
    Precision="61"
    Type="java.lang.String"
    ColumnType="VARCHAR2"
    AliasName="USER_NAME"
    Expression="USER_NAME"
    SQLType="VARCHAR">
    <DesignTime>
      <Attr Name="_DisplaySize" Value="61"/>
    </DesignTime>
  </ViewAttribute>
  <ViewAttribute
    Name="RoleId"
    IsUpdateable="false"
    IsPersistent="false"
    PrecisionRule="true"
    Type="java.math.BigDecimal"
    ColumnType="NUMBER"
    AliasName="ROLE_ID"
    Expression="ROLE_ID"
    SQLType="NUMERIC"/>
  <ViewAttribute
    Name="RoleCode"
    IsUpdateable="false"
    IsPersistent="false"
    PrecisionRule="true"
    Precision="10"
    Type="java.lang.String"
    ColumnType="VARCHAR2"
    AliasName="ROLE_CODE"
    Expression="ROLE_CODE"
    SQLType="VARCHAR">
    <DesignTime>
      <Attr Name="_DisplaySize" Value="10"/>
    </DesignTime>
  </ViewAttribute>
  <ViewAttribute
    Name="RoleDesc"
    IsUpdateable="false"
    IsPersistent="false"
    PrecisionRule="true"
    Precision="50"
    Type="java.lang.String"
    ColumnType="VARCHAR2"
    AliasName="ROLE_DESC"
    Expression="ROLE_DESC"
    SQLType="VARCHAR">
    <DesignTime>
      <Attr Name="_DisplaySize" Value="50"/>
    </DesignTime>
  </ViewAttribute>
  <ViewAttribute
    Name="ModuleName"
    IsUpdateable="false"
    IsPersistent="false"
    PrecisionRule="true"
    Precision="50"
    Type="java.lang.String"
    ColumnType="VARCHAR2"
    AliasName="MODULE_NAME"
    Expression="MODULE_NAME"
    SQLType="VARCHAR">
    <DesignTime>
      <Attr Name="_DisplaySize" Value="50"/>
    </DesignTime>
  </ViewAttribute>
  <ViewAttribute
    Name="AccessType"
    IsUpdateable="false"
    IsPersistent="false"
    PrecisionRule="true"
    Precision="50"
    Type="java.lang.String"
    ColumnType="VARCHAR2"
    AliasName="ACCESS_TYPE"
    Expression="ACCESS_TYPE"
    SQLType="VARCHAR">
    <DesignTime>
      <Attr Name="_DisplaySize" Value="50"/>
    </DesignTime>
  </ViewAttribute>
  <ViewAttribute
    Name="StartDate"
    IsUpdateable="false"
    IsPersistent="false"
    PrecisionRule="true"
    Precision="50"
    Type="java.lang.String"
    ColumnType="VARCHAR2"
    AliasName="START_DATE"
    Expression="START_DATE"
    SQLType="VARCHAR">
    <DesignTime>
      <Attr Name="_DisplaySize" Value="50"/>
    </DesignTime>
  </ViewAttribute>
  <ViewAttribute
    Name="EndDate"
    IsUpdateable="false"
    IsPersistent="false"
    PrecisionRule="true"
    Precision="50"
    Type="java.lang.String"
    ColumnType="VARCHAR2"
    AliasName="END_DATE"
    Expression="END_DATE"
    SQLType="VARCHAR">
    <DesignTime>
      <Attr Name="_DisplaySize" Value="50"/>
    </DesignTime>
  </ViewAttribute>
  <ViewAttribute
    Name="PersonnelUserId"
    IsUpdateable="false"
    IsPersistent="false"
    PrecisionRule="true"
    Precision="50"
    Type="java.lang.String"
    ColumnType="VARCHAR2"
    AliasName="PERSONNEL_USER_ID"
    Expression="PERSONNEL_USER_ID"
    SQLType="VARCHAR">
    <DesignTime>
      <Attr Name="_DisplaySize" Value="50"/>
    </DesignTime>
  </ViewAttribute>
  <AttrArray Name="KeyAttributes">
    <Item Value="UserId"/>
  </AttrArray>
  <ResourceBundle>
    <PropertiesBundle
      PropertiesFile="vpomodel.VPORESTModelBundle"/>
  </ResourceBundle>
</ViewObject>
