<?xml version="1.0" encoding="UTF-8" ?>
<!DOCTYPE ViewObject SYSTEM "jbo_03_01.dtd">
<!---->
<ViewObject
  xmlns="http://xmlns.oracle.com/bc4j"
  Name="ValidateFormForUser"
  Version="12.2.1.9.14"
  InheritPersonalization="merge"
  BindingStyle="OracleName"
  CustomQuery="true"
  PageIterMode="Full">
  <DesignTime>
    <Attr Name="_isExpertMode" Value="true"/>
  </DesignTime>
  <Properties>
    <SchemaBasedProperties>
      <LABEL
        ResId="vpomodel.vo.ValidateFormForUser_LABEL"/>
    </SchemaBasedProperties>
  </Properties>
  <Variable
    Name="validateRegionId"
    Kind="where"
    Type="java.lang.String"/>
  <Variable
    Name="validatePersonnelId"
    Kind="where"
    Type="java.lang.String"/>
  <Variable
    Name="validateSiteId"
    Kind="where"
    Type="java.lang.String"/>
  <Variable
    Name="validateTrailCode"
    Kind="where"
    Type="java.lang.String"/>
  <Variable
    Name="validateVendorCategoryId"
    Kind="where"
    Type="java.lang.String"/>
  <Variable
    Name="validateVendorId"
    Kind="where"
    Type="java.lang.String"/>
  <SQLQuery><![CDATA[SELECT 1 valueFlag FROM DUAL 
WHERE EXISTS ( 
SELECT  VCM.VENDOR_CATEGORY_MAPPING_ID,VF.STUDY_SITE_ID_VPO,SSP.PERSONNEL_ID 
FROM    VENDOR_FORM VF,ESB_V_STUDY_SITE SS,VENDOR_CATEGORY_MAPPING VCM , ESB_V_STUDY_SITE_PERSONNEL SSP  
WHERE   SS.STUDY_SITE_ID_VPO=VF.STUDY_SITE_ID_VPO 
AND     VCM.VENDOR_CATEGORY_MAPPING_ID=VF.VENDOR_CATEGORY_MAPPING_ID 
AND     SSP.STUDY_SITE_EREF = SS.STUDY_SITE_EID 
AND     SSP.ROLE_AT_SITE_LVL_CODE like :validateRegionId 
AND     SS.STUDY_SITE_STATUS_CODE IN ('ACT','PLN') 
AND     VF.CREATED_BY           like :validatePersonnelId 
AND     SS.STUDY_SITE_ID        = :validateSiteId 
AND     SS.STUDY_CODE_ALIAS     like :validateTrailCode 
AND     VCM.VENDOR_CATEGORY_ID  = :validateVendorCategoryId 
AND     VCM.VENDOR_ID           = :validateVendorId 
)]]></SQLQuery>
  <ViewAttribute
    Name="Valueflag"
    IsUpdateable="false"
    IsPersistent="false"
    PrecisionRule="true"
    Type="java.math.BigDecimal"
    ColumnType="NUMBER"
    AliasName="VALUEFLAG"
    Expression="VALUEFLAG"
    SQLType="NUMERIC"/>
  <AttrArray Name="KeyAttributes">
    <Item Value="Valueflag"/>
  </AttrArray>
  <ResourceBundle>
    <PropertiesBundle
      PropertiesFile="vpomodel.VPORESTModelBundle"/>
  </ResourceBundle>
</ViewObject>
