<?xml version="1.0" encoding="UTF-8" ?>
<!DOCTYPE ViewObject SYSTEM "jbo_03_01.dtd">
<!---->
<ViewObject
  xmlns="http://xmlns.oracle.com/bc4j"
  Name="FormVersionHistory"
  Version="12.2.1.9.14"
  InheritPersonalization="merge"
  BindingStyle="OracleName"
  CustomQuery="true"
  PageIterMode="Full">
  <DesignTime>
    <Attr Name="_isExpertMode" Value="true"/>
  </DesignTime>
  <Properties>
    <SchemaBasedProperties>
      <LABEL
        ResId="vpomodel.vo.FormVersionHistory_LABEL"/>
    </SchemaBasedProperties>
  </Properties>
  <Variable
    Name="historyCountryCode"
    Kind="where"
    Type="java.lang.String"/>
  <Variable
    Name="historyCategoryId"
    Kind="where"
    Type="java.lang.String"/>
  <Variable
    Name="historyVendorId"
    Kind="where"
    Type="java.lang.String"/>
  <Variable
    Name="historyStudyCode"
    Kind="where"
    Type="java.lang.String"/>
  <Variable
    Name="historyStudySiteId"
    Kind="where"
    Type="java.lang.String"/>
  <Variable
    Name="historyPersonnelId"
    Kind="where"
    Type="java.lang.String"/>
  <SQLQuery><![CDATA[SELECT VF.FORM_ID,VF.FORM_VERSION,VF.UPDATED_BY,VF.UPDATED_DATE 
FROM VENDOR_FORM VF,ESB_V_STUDY_SITE SS,VENDOR_CATEGORY_MAPPING VCM 
WHERE VF.STUDY_SITE_ID_VPO=SS.STUDY_SITE_ID_VPO 
AND VF.VENDOR_CATEGORY_MAPPING_ID=VCM.VENDOR_CATEGORY_MAPPING_ID 
AND SS.COUNTRY_CODE like :historyCountryCode 
AND VCM.VENDOR_CATEGORY_ID = :historyCategoryId 
AND VCM.VENDOR_ID  = :historyVendorId 
AND SS.STUDY_CODE_ALIAS like :historyStudyCode 
AND SS.STUDY_SITE_ID = :historyStudySiteId 
AND (VF.CREATED_BY like :historyPersonnelId OR VF.UPDATED_BY like :historyPersonnelId) 
AND VF.FORM_VERSION IS NOT NULL  
AND VF.FORM_VERSION IS NOT NULL]]></SQLQuery>
  <ViewAttribute
    Name="FormId"
    IsUpdateable="false"
    IsPersistent="false"
    PrecisionRule="true"
    Type="java.math.BigDecimal"
    ColumnType="NUMBER"
    AliasName="FORM_ID"
    Expression="FORM_ID"
    SQLType="NUMERIC"/>
  <ViewAttribute
    Name="FormVersion"
    IsUpdateable="false"
    IsPersistent="false"
    PrecisionRule="true"
    Precision="10"
    Type="java.lang.String"
    ColumnType="VARCHAR2"
    AliasName="FORM_VERSION"
    Expression="FORM_VERSION"
    SQLType="VARCHAR">
    <DesignTime>
      <Attr Name="_DisplaySize" Value="10"/>
    </DesignTime>
  </ViewAttribute>
  <ViewAttribute
    Name="UpdatedBy"
    IsUpdateable="false"
    IsPersistent="false"
    PrecisionRule="true"
    Precision="50"
    Type="java.lang.String"
    ColumnType="VARCHAR2"
    AliasName="UPDATED_BY"
    Expression="UPDATED_BY"
    SQLType="VARCHAR">
    <DesignTime>
      <Attr Name="_DisplaySize" Value="50"/>
    </DesignTime>
  </ViewAttribute>
  <ViewAttribute
    Name="UpdatedDate"
    IsUpdateable="false"
    IsPersistent="false"
    PrecisionRule="true"
    Type="java.sql.Timestamp"
    ColumnType="DATE"
    AliasName="UPDATED_DATE"
    Expression="UPDATED_DATE"
    SQLType="DATE"/>
  <AttrArray Name="KeyAttributes">
    <Item Value="FormId"/>
  </AttrArray>
  <ResourceBundle>
    <PropertiesBundle
      PropertiesFile="vpomodel.VPORESTModelBundle"/>
  </ResourceBundle>
</ViewObject>
