<?xml version="1.0" encoding="windows-1252" ?>
<!DOCTYPE ViewObject SYSTEM "jbo_03_01.dtd">
<!---->
<ViewObject
  xmlns="http://xmlns.oracle.com/bc4j"
  Name="ReportingItems"
  Version="12.2.1.9.14"
  InheritPersonalization="merge"
  BindingStyle="OracleName"
  CustomQuery="true"
  PageIterMode="Full">
  <DesignTime>
    <Attr Name="_isExpertMode" Value="true"/>
  </DesignTime>
  <Properties>
    <SchemaBasedProperties>
      <LABEL
        ResId="vpomodel.vo.ReportingItems_LABEL"/>
    </SchemaBasedProperties>
  </Properties>
  <Variable
    Name="questionStatus1"
    Kind="where"
    Type="java.lang.String"/>
  <SQLQuery><![CDATA[Select QUESTION_CATEGORY, QUESTION_DETAILS, QUESTION_ID,QUESTION_STATUS from Question_master  
where UPPER(QUESTION_STATUS) like UPPER(:questionStatus1)]]></SQLQuery>
  <ViewAttribute
    Name="QuestionCategory"
    IsUpdateable="false"
    IsPersistent="false"
    PrecisionRule="true"
    Precision="255"
    Type="java.lang.String"
    ColumnType="VARCHAR2"
    AliasName="QUESTION_CATEGORY"
    Expression="QUESTION_CATEGORY"
    SQLType="VARCHAR">
    <DesignTime>
      <Attr Name="_DisplaySize" Value="50"/>
    </DesignTime>
  </ViewAttribute>
  <ViewAttribute
    Name="QuestionDetails"
    IsUpdateable="false"
    IsPersistent="false"
    PrecisionRule="true"
    Precision="500"
    Type="java.lang.String"
    ColumnType="VARCHAR2"
    AliasName="QUESTION_DETAILS"
    Expression="QUESTION_DETAILS"
    SQLType="VARCHAR">
    <DesignTime>
      <Attr Name="_DisplaySize" Value="500"/>
    </DesignTime>
  </ViewAttribute>
  <ViewAttribute
    Name="QuestionId"
    IsUpdateable="false"
    IsPersistent="false"
    PrecisionRule="true"
    Type="java.math.BigDecimal"
    ColumnType="NUMBER"
    AliasName="QUESTION_ID"
    Expression="QUESTION_ID"
    SQLType="NUMERIC"/>
  <ViewAttribute
    Name="QuestionStatus"
    IsUpdateable="false"
    IsPersistent="false"
    PrecisionRule="true"
    Precision="10"
    Type="java.lang.String"
    ColumnType="VARCHAR2"
    AliasName="QUESTION_STATUS"
    Expression="QUESTION_STATUS"
    SQLType="VARCHAR">
    <DesignTime>
      <Attr Name="_DisplaySize" Value="10"/>
    </DesignTime>
  </ViewAttribute>
  <AttrArray Name="KeyAttributes">
    <Item Value="QuestionId"/>
  </AttrArray>
  <ResourceBundle>
    <PropertiesBundle
      PropertiesFile="vpomodel.VPORESTModelBundle"/>
  </ResourceBundle>
</ViewObject>
