<?xml version="1.0" encoding="UTF-8" ?>
<!DOCTYPE ViewObject SYSTEM "jbo_03_01.dtd">
<!---->
<ViewObject
  xmlns="http://xmlns.oracle.com/bc4j"
  Name="AccessUsers"
  Version="12.2.1.9.14"
  InheritPersonalization="merge"
  BindingStyle="OracleName"
  CustomQuery="true"
  PageIterMode="Full">
  <DesignTime>
    <Attr Name="_isExpertMode" Value="true"/>
  </DesignTime>
  <Properties>
    <SchemaBasedProperties>
      <LABEL
        ResId="com.adf.security.model.AccessUsers_LABEL"/>
    </SchemaBasedProperties>
  </Properties>
  <Variable
    Name="userId"
    Kind="where"
    Type="java.lang.String"/>
  <SQLQuery><![CDATA[SELECT CASE WHEN MAX(USER_ID) IS NULL THEN 'NO' ELSE 'YES' END AS "USER_EXIST" 
FROM USER_ROLE_MAPPING URM 
WHERE URM.USER_ID  IN ( 
SELECT 
            um.user_id 
        FROM 
            user_master um 
        WHERE 
            um.personnel_id = ( 
                SELECT 
                    pd.personnel_id 
                FROM 
                    personnel_details pd 
                WHERE 
                    upper(pd.personnel_user_id) = upper(:userId)))]]></SQLQuery>
  <ViewAttribute
    Name="UserExist"
    IsUpdateable="false"
    IsPersistent="false"
    PrecisionRule="true"
    Precision="255"
    Type="java.lang.String"
    ColumnType="VARCHAR2"
    AliasName="USER_EXIST"
    Expression="USER_EXIST"
    SQLType="VARCHAR">
    <DesignTime>
      <Attr Name="_DisplaySize" Value="3"/>
    </DesignTime>
  </ViewAttribute>
  <ResourceBundle>
    <PropertiesBundle
      PropertiesFile="com.adf.security.model.ModelBundle"/>
  </ResourceBundle>
</ViewObject>
