<?xml version="1.0" encoding="UTF-8" ?>
<!DOCTYPE Entity SYSTEM "jbo_03_01.dtd">
<!---->
<Entity
  xmlns="http://xmlns.oracle.com/bc4j"
  Name="Country"
  Version="12.2.1.9.14"
  InheritPersonalization="merge"
  DBObjectType="table"
  DBObjectName="COUNTRY"
  AliasName="Country"
  BindingStyle="OracleName">
  <Attribute
    Name="CountryId"
    IsNotNull="true"
    ColumnName="COUNTRY_ID"
    SQLType="NUMERIC"
    Type="java.math.BigDecimal"
    ColumnType="NUMBER"
    TableName="COUNTRY"
    PrimaryKey="true"/>
  <Attribute
    Name="CountryCode"
    IsUnique="true"
    IsNotNull="true"
    Precision="3"
    ColumnName="COUNTRY_CODE"
    SQLType="VARCHAR"
    Type="java.lang.String"
    ColumnType="VARCHAR2"
    TableName="COUNTRY">
    <DesignTime>
      <Attr Name="_DisplaySize" Value="3"/>
    </DesignTime>
  </Attribute>
  <Attribute
    Name="CountryDesc"
    Precision="30"
    ColumnName="COUNTRY_DESC"
    SQLType="VARCHAR"
    Type="java.lang.String"
    ColumnType="VARCHAR2"
    TableName="COUNTRY">
    <DesignTime>
      <Attr Name="_DisplaySize" Value="30"/>
    </DesignTime>
  </Attribute>
  <Attribute
    Name="CurrencyCode"
    Precision="3"
    ColumnName="CURRENCY_CODE"
    SQLType="VARCHAR"
    Type="java.lang.String"
    ColumnType="VARCHAR2"
    TableName="COUNTRY">
    <DesignTime>
      <Attr Name="_DisplaySize" Value="3"/>
    </DesignTime>
  </Attribute>
  <Attribute
    Name="CurrencyDesc"
    Precision="30"
    ColumnName="CURRENCY_DESC"
    SQLType="VARCHAR"
    Type="java.lang.String"
    ColumnType="VARCHAR2"
    TableName="COUNTRY">
    <DesignTime>
      <Attr Name="_DisplaySize" Value="30"/>
    </DesignTime>
  </Attribute>
  <Attribute
    Name="CreatedDate"
    ColumnName="CREATED_DATE"
    SQLType="DATE"
    Type="java.sql.Timestamp"
    ColumnType="DATE"
    TableName="COUNTRY"/>
  <Attribute
    Name="CreatedBy"
    Precision="50"
    ColumnName="CREATED_BY"
    SQLType="VARCHAR"
    Type="java.lang.String"
    ColumnType="VARCHAR2"
    TableName="COUNTRY">
    <DesignTime>
      <Attr Name="_DisplaySize" Value="50"/>
    </DesignTime>
  </Attribute>
  <Attribute
    Name="UpdatedDate"
    ColumnName="UPDATED_DATE"
    SQLType="DATE"
    Type="java.sql.Timestamp"
    ColumnType="DATE"
    TableName="COUNTRY"/>
  <Attribute
    Name="UpdatedBy"
    Precision="50"
    ColumnName="UPDATED_BY"
    SQLType="VARCHAR"
    Type="java.lang.String"
    ColumnType="VARCHAR2"
    TableName="COUNTRY">
    <DesignTime>
      <Attr Name="_DisplaySize" Value="50"/>
    </DesignTime>
  </Attribute>
  <Attribute
    Name="RegionId"
    ColumnName="REGION_ID"
    SQLType="NUMERIC"
    Type="java.math.BigDecimal"
    ColumnType="NUMBER"
    TableName="COUNTRY"/>
  <Key
    Name="PkCountryId"
    PrimaryKey="true">
    <DesignTime>
      <Attr Name="_DBObjectName" Value="PK_COUNTRY_ID"/>
    </DesignTime>
    <AttrArray Name="Attributes">
      <Item Value="com.adf.security.model.Country.CountryId"/>
    </AttrArray>
  </Key>
  <Key
    Name="UkCountryCode">
    <DesignTime>
      <Attr Name="_isUnique" Value="true"/>
      <Attr Name="_DBObjectName" Value="UK_COUNTRY_CODE"/>
    </DesignTime>
    <AttrArray Name="Attributes">
      <Item Value="com.adf.security.model.Country.CountryCode"/>
    </AttrArray>
  </Key>
  <Key
    Name="FkCRegionId">
    <DesignTime>
      <Attr Name="_referencedKey" Value="PK_REGION_ID"/>
      <Attr Name="_isForeign" Value="true"/>
      <Attr Name="_DBObjectName" Value="FK_C_REGION_ID"/>
    </DesignTime>
    <AttrArray Name="Attributes">
      <Item Value="com.adf.security.model.Country.RegionId"/>
    </AttrArray>
  </Key>
</Entity>
