<?xml version="1.0" encoding="UTF-8" ?>
<!DOCTYPE ViewObject SYSTEM "jbo_03_01.dtd">
<!---->
<ViewObject
  xmlns="http://xmlns.oracle.com/bc4j"
  Name="AlertsSummary"
  Version="12.2.1.9.14"
  InheritPersonalization="merge"
  BindingStyle="OracleName"
  CustomQuery="true"
  PageIterMode="Full">
  <DesignTime>
    <Attr Name="_isExpertMode" Value="true"/>
  </DesignTime>
  <Properties>
    <SchemaBasedProperties>
      <LABEL
        ResId="vpomodel.vo.AlertsSummary_LABEL"/>
    </SchemaBasedProperties>
  </Properties>
  <Variable
    Name="alerts_personnelId"
    Kind="where"
    Type="java.lang.String"/>
  <SQLQuery><![CDATA[SELECT SS.STUDY_CODE_ALIAS,  
  SS.STUDY_SITE_ID,  
  A.ALERT_CATEGORY,  
  UAD.ALERT_DETAILS,  
  TO_CHAR(UAD.CREATED_DATE,'DD-Mon-YY') CREATED_DATE,  
  READ_FLAG,  
  ARCHIVE_FLAG 
FROM USER_ALERT_DETAILS UAD ,  
  ESB_V_STUDY_SITE SS ,  
  (SELECT ARM.ALERT_ROLE_MAPPING_ID ,  
    ALERT_CATEGORY  
  FROM ALERT_MASTER A ,  
    ALERT_ROLE_MAPPING ARM  
  WHERE A.ALERT_ID = ARM.ALERT_ID  
  ) A  
WHERE UAD.STUDY_SITE_ID_VPO    = SS.STUDY_SITE_ID_VPO  
AND SS.STUDY_SITE_STATUS_CODE IN ('ACT','PLN')  
AND A.ALERT_ROLE_MAPPING_ID    = UAD.ALERT_ROLE_MAPPING_ID  
AND UAD.PERSONNEL_ID            like :alerts_personnelId  
AND UAD.ARCHIVE_FLAG           = 'N'  
ORDER BY UAD.CREATED_DATE DESC]]></SQLQuery>
  <ViewAttribute
    Name="StudyCodeAlias"
    IsUpdateable="false"
    IsPersistent="false"
    PrecisionRule="true"
    Precision="255"
    Type="java.lang.String"
    ColumnType="VARCHAR2"
    AliasName="STUDY_CODE_ALIAS"
    Expression="STUDY_CODE_ALIAS"
    SQLType="VARCHAR">
    <DesignTime>
      <Attr Name="_DisplaySize" Value="20"/>
    </DesignTime>
  </ViewAttribute>
  <ViewAttribute
    Name="StudySiteId"
    IsUpdateable="false"
    IsPersistent="false"
    PrecisionRule="true"
    Precision="10"
    Type="java.lang.String"
    ColumnType="VARCHAR2"
    AliasName="STUDY_SITE_ID"
    Expression="STUDY_SITE_ID"
    SQLType="VARCHAR">
    <DesignTime>
      <Attr Name="_DisplaySize" Value="10"/>
    </DesignTime>
  </ViewAttribute>
  <ViewAttribute
    Name="AlertCategory"
    IsUpdateable="false"
    IsPersistent="false"
    PrecisionRule="true"
    Precision="50"
    Type="java.lang.String"
    ColumnType="VARCHAR2"
    AliasName="ALERT_CATEGORY"
    Expression="ALERT_CATEGORY"
    SQLType="VARCHAR">
    <DesignTime>
      <Attr Name="_DisplaySize" Value="50"/>
    </DesignTime>
  </ViewAttribute>
  <ViewAttribute
    Name="AlertDetails"
    IsUpdateable="false"
    IsPersistent="false"
    PrecisionRule="true"
    Precision="1000"
    Type="java.lang.String"
    ColumnType="VARCHAR2"
    AliasName="ALERT_DETAILS"
    Expression="ALERT_DETAILS"
    SQLType="VARCHAR">
    <DesignTime>
      <Attr Name="_DisplaySize" Value="1000"/>
    </DesignTime>
  </ViewAttribute>
  <ViewAttribute
    Name="CreatedDate"
    IsUpdateable="false"
    IsPersistent="false"
    PrecisionRule="true"
    Type="java.sql.Timestamp"
    ColumnType="DATE"
    AliasName="CREATED_DATE"
    Expression="CREATED_DATE"
    SQLType="DATE"/>
  <ViewAttribute
    Name="ReadFlag"
    IsUpdateable="false"
    IsPersistent="false"
    PrecisionRule="true"
    Precision="3"
    Type="java.lang.String"
    ColumnType="VARCHAR2"
    AliasName="READ_FLAG"
    Expression="READ_FLAG"
    SQLType="VARCHAR">
    <DesignTime>
      <Attr Name="_DisplaySize" Value="3"/>
    </DesignTime>
  </ViewAttribute>
  <ViewAttribute
    Name="ArchiveFlag"
    IsUpdateable="false"
    IsPersistent="false"
    PrecisionRule="true"
    Precision="3"
    Type="java.lang.String"
    ColumnType="VARCHAR2"
    AliasName="ARCHIVE_FLAG"
    Expression="ARCHIVE_FLAG"
    SQLType="VARCHAR">
    <DesignTime>
      <Attr Name="_DisplaySize" Value="3"/>
    </DesignTime>
  </ViewAttribute>
  <AttrArray Name="KeyAttributes">
    <Item Value="StudySiteId"/>
  </AttrArray>
  <ResourceBundle>
    <PropertiesBundle
      PropertiesFile="vpomodel.VPORESTModelBundle"/>
  </ResourceBundle>
</ViewObject>
