<?xml version="1.0" encoding="UTF-8" ?>
<!DOCTYPE ViewObject SYSTEM "jbo_03_01.dtd">
<!---->
<ViewObject
  xmlns="http://xmlns.oracle.com/bc4j"
  Name="CountryDetailsMO"
  Version="12.2.1.9.14"
  InheritPersonalization="merge"
  BindingStyle="OracleName"
  CustomQuery="true"
  PageIterMode="Full">
  <DesignTime>
    <Attr Name="_isExpertMode" Value="true"/>
  </DesignTime>
  <Properties>
    <SchemaBasedProperties>
      <LABEL
        ResId="vpomodel.vo.CountryDetailsMO_LABEL"/>
    </SchemaBasedProperties>
  </Properties>
  <Variable
    Name="region_id_m2"
    Kind="where"
    Type="java.lang.String"/>
  <Variable
    Name="country_id_m2"
    Kind="where"
    Type="java.lang.String"/>
  <SQLQuery><![CDATA[SELECT ID REGION_COUNTRY_ID,      
                REGION_ID ,      
                (SELECT  REGION_CODE FROM REGION R WHERE R.REGION_ID = RC.REGION_ID) REGION ,       
                 COUNTRY_ID,      
                (SELECT  COUNTRY_CODE FROM COUNTRY C WHERE C.COUNTRY_ID = RC.COUNTRY_ID) COUNTRY ,       
                COUNTRY_CONTACT_NAME COUNTRY_CONTACT ,      
                COUNTRY_PHONE_CODE , OFFICE_WORKING_DAYS , HOLIDAY_CLOSURE, TIMEZONE , UPDATED_BY , TO_CHAR(UPDATED_DATE , 'DD-Mon-RR HH:MI:SS')  UPDATED_DATE      
                FROM REGION_COUNTRY_MAPPING RC      
                WHERE REGION_ID = :region_id_m2       
                AND COUNTRY_ID = :country_id_m2]]></SQLQuery>
  <ViewAttribute
    Name="RegionCountryId"
    IsUpdateable="false"
    IsPersistent="false"
    PrecisionRule="true"
    Type="java.math.BigDecimal"
    ColumnType="NUMBER"
    AliasName="REGION_COUNTRY_ID"
    Expression="REGION_COUNTRY_ID"
    SQLType="NUMERIC"/>
  <ViewAttribute
    Name="RegionId"
    IsUpdateable="false"
    IsPersistent="false"
    PrecisionRule="true"
    Type="java.math.BigDecimal"
    ColumnType="NUMBER"
    AliasName="REGION_ID"
    Expression="REGION_ID"
    SQLType="NUMERIC"/>
  <ViewAttribute
    Name="Region"
    IsUpdateable="false"
    IsPersistent="false"
    PrecisionRule="true"
    Precision="10"
    Type="java.lang.String"
    ColumnType="VARCHAR2"
    AliasName="REGION"
    Expression="REGION"
    SQLType="VARCHAR">
    <DesignTime>
      <Attr Name="_DisplaySize" Value="10"/>
    </DesignTime>
  </ViewAttribute>
  <ViewAttribute
    Name="CountryId"
    IsUpdateable="false"
    IsPersistent="false"
    PrecisionRule="true"
    Type="java.math.BigDecimal"
    ColumnType="NUMBER"
    AliasName="COUNTRY_ID"
    Expression="COUNTRY_ID"
    SQLType="NUMERIC"/>
  <ViewAttribute
    Name="Country"
    IsUpdateable="false"
    IsPersistent="false"
    PrecisionRule="true"
    Precision="3"
    Type="java.lang.String"
    ColumnType="VARCHAR2"
    AliasName="COUNTRY"
    Expression="COUNTRY"
    SQLType="VARCHAR">
    <DesignTime>
      <Attr Name="_DisplaySize" Value="3"/>
    </DesignTime>
  </ViewAttribute>
  <ViewAttribute
    Name="CountryContact"
    IsUpdateable="false"
    IsPersistent="false"
    PrecisionRule="true"
    Precision="60"
    Type="java.lang.String"
    ColumnType="VARCHAR2"
    AliasName="COUNTRY_CONTACT"
    Expression="COUNTRY_CONTACT"
    SQLType="VARCHAR">
    <DesignTime>
      <Attr Name="_DisplaySize" Value="60"/>
    </DesignTime>
  </ViewAttribute>
  <ViewAttribute
    Name="CountryPhoneCode"
    IsUpdateable="false"
    IsPersistent="false"
    PrecisionRule="true"
    Precision="10"
    Type="java.lang.String"
    ColumnType="VARCHAR2"
    AliasName="COUNTRY_PHONE_CODE"
    Expression="COUNTRY_PHONE_CODE"
    SQLType="VARCHAR">
    <DesignTime>
      <Attr Name="_DisplaySize" Value="10"/>
    </DesignTime>
  </ViewAttribute>
  <ViewAttribute
    Name="OfficeWorkingDays"
    IsUpdateable="false"
    IsPersistent="false"
    PrecisionRule="true"
    Precision="10"
    Type="java.lang.String"
    ColumnType="VARCHAR2"
    AliasName="OFFICE_WORKING_DAYS"
    Expression="OFFICE_WORKING_DAYS"
    SQLType="VARCHAR">
    <DesignTime>
      <Attr Name="_DisplaySize" Value="10"/>
    </DesignTime>
  </ViewAttribute>
  <ViewAttribute
    Name="HolidayClosure"
    IsUpdateable="false"
    IsPersistent="false"
    PrecisionRule="true"
    Precision="30"
    Type="java.lang.String"
    ColumnType="VARCHAR2"
    AliasName="HOLIDAY_CLOSURE"
    Expression="HOLIDAY_CLOSURE"
    SQLType="VARCHAR">
    <DesignTime>
      <Attr Name="_DisplaySize" Value="30"/>
    </DesignTime>
  </ViewAttribute>
  <ViewAttribute
    Name="Timezone"
    IsUpdateable="false"
    IsPersistent="false"
    PrecisionRule="true"
    Precision="15"
    Type="java.lang.String"
    ColumnType="VARCHAR2"
    AliasName="TIMEZONE"
    Expression="TIMEZONE"
    SQLType="VARCHAR">
    <DesignTime>
      <Attr Name="_DisplaySize" Value="15"/>
    </DesignTime>
  </ViewAttribute>
  <ViewAttribute
    Name="UpdatedBy"
    IsUpdateable="false"
    IsPersistent="false"
    PrecisionRule="true"
    Precision="50"
    Type="java.lang.String"
    ColumnType="VARCHAR2"
    AliasName="UPDATED_BY"
    Expression="UPDATED_BY"
    SQLType="VARCHAR">
    <DesignTime>
      <Attr Name="_DisplaySize" Value="50"/>
    </DesignTime>
  </ViewAttribute>
  <ViewAttribute
    Name="UpdatedDate"
    IsUpdateable="false"
    IsPersistent="false"
    PrecisionRule="true"
    Type="java.sql.Timestamp"
    ColumnType="DATE"
    AliasName="UPDATED_DATE"
    Expression="UPDATED_DATE"
    SQLType="DATE"/>
  <AttrArray Name="KeyAttributes">
    <Item Value="RegionCountryId"/>
  </AttrArray>
  <ResourceBundle>
    <PropertiesBundle
      PropertiesFile="vpomodel.VPORESTModelBundle"/>
  </ResourceBundle>
</ViewObject>
