<?xml version="1.0" encoding="windows-1252" ?>
<!DOCTYPE ViewObject SYSTEM "jbo_03_01.dtd">
<!---->
<ViewObject
  xmlns="http://xmlns.oracle.com/bc4j"
  Name="DelegateIdentify"
  Version="12.2.1.9.14"
  InheritPersonalization="merge"
  BindingStyle="OracleName"
  CustomQuery="true"
  PageIterMode="Full">
  <DesignTime>
    <Attr Name="_isExpertMode" Value="true"/>
  </DesignTime>
  <Properties>
    <SchemaBasedProperties>
      <LABEL
        ResId="vpomodel.vo.DelegateIdentify_LABEL"/>
    </SchemaBasedProperties>
  </Properties>
  <Variable
    Name="vendorFormId"
    Kind="where"
    Type="java.lang.String"/>
  <SQLQuery><![CDATA[SELECT 1  
FROM DUAL WHERE EXISTS (SELECT 1 FROM FORM_DELEGATION FD 
WHERE FD.VENDOR_FORM_ID = :vendorFormId)]]></SQLQuery>
  <ViewAttribute
    Name="J1"
    IsUpdateable="false"
    IsPersistent="false"
    PrecisionRule="true"
    Type="java.math.BigDecimal"
    ColumnType="NUMBER"
    AliasName='"1"'
    Expression='"1"'
    SQLType="NUMERIC"/>
  <AttrArray Name="KeyAttributes">
    <Item Value="J1"/>
  </AttrArray>
  <ResourceBundle>
    <PropertiesBundle
      PropertiesFile="vpomodel.VPORESTModelBundle"/>
  </ResourceBundle>
</ViewObject>
