<?xml version="1.0" encoding="UTF-8" ?>
<!DOCTYPE ViewObject SYSTEM "jbo_03_01.dtd">
<!---->
<ViewObject
  xmlns="http://xmlns.oracle.com/bc4j"
  Name="FormTrialsDetails"
  Version="12.2.1.12.24"
  InheritPersonalization="merge"
  BindingStyle="OracleName"
  CustomQuery="true"
  PageIterMode="Full">
  <DesignTime>
    <Attr Name="_isExpertMode" Value="true"/>
  </DesignTime>
  <Properties>
    <SchemaBasedProperties>
      <LABEL
        ResId="vpomodel.vo.FormTrialsDetails_LABEL"/>
    </SchemaBasedProperties>
  </Properties>
  <Variable
    Name="trialDetailsPersonnelId"
    Kind="where"
    Type="java.lang.String"/>
  <Variable
    Name="trialDetailsCountryCode"
    Kind="where"
    Type="java.lang.String"/>
  <Variable
    Name="trialDetailsStudyCode"
    Kind="where"
    Type="java.lang.String"/>
  <Variable
    Name="trialDetailsSiteId"
    Kind="where"
    Type="java.lang.String"/>
  <SQLQuery><![CDATA[SELECT   
SSP.STUDY_SITE_EREF,SSP.STUDY_CODE_ALIAS,SSP.STUDY_SITE_ID,P.PROJECT_CODE_ALIAS  
FROM     ESB_V_STUDY S , ESB_V_STUDY_SITE SS, ESB_V_STUDY_SITE_PERSONNEL SSP,ESB_V_PERSONNEL PE,ESB_V_PROJECT P  
WHERE     
S.STUDY_EID=SS.STUDY_EREF  
AND SS.STUDY_SITE_EID=SSP.STUDY_SITE_EREF  
AND PE.PERSONNEL_EID=SSP.PERSONNEL_EREF  
AND S.STUDY_STATUS_CODE IN ('A', 'P')  
AND SS.STUDY_SITE_STATUS_CODE IN ('ACT','PLN')  
AND UPPER(PE.OBJECT_STATE_CODE) Like UPPER('Active')  
AND SSP.END_DATE IS NULL  
AND P.PROJECT_EID=S.PROJECT_EREF  
AND P.STATUS_CODE IN ('AC','PL')  
AND UPPER(SSP.PERSONNEL_ID) like UPPER(:trialDetailsPersonnelId)  --<<INPUT_PERSONNEL_ID>>  
AND SSP.COUNTRY_CODE like  :trialDetailsCountryCode  --<<INPUT_COUNTRY_CODE>>  
AND SSP.STUDY_CODE_ALIAS like :trialDetailsStudyCode  --<<INPUT_STUDY_CODE_AIAS>>  
AND SSP.STUDY_SITE_ID =:trialDetailsSiteId --<<INPUT_STUDY_SITE_ID>>]]></SQLQuery>
  <ViewAttribute
    Name="StudySiteEref"
    IsUpdateable="false"
    IsPersistent="false"
    PrecisionRule="true"
    Precision="255"
    Type="java.lang.String"
    ColumnType="VARCHAR2"
    AliasName="STUDY_SITE_EREF"
    Expression="STUDY_SITE_EREF"
    SQLType="VARCHAR">
    <DesignTime>
      <Attr Name="_DisplaySize" Value="200"/>
    </DesignTime>
  </ViewAttribute>
  <ViewAttribute
    Name="StudyCodeAlias"
    IsUpdateable="false"
    IsPersistent="false"
    PrecisionRule="true"
    Precision="20"
    Type="java.lang.String"
    ColumnType="VARCHAR2"
    AliasName="STUDY_CODE_ALIAS"
    Expression="STUDY_CODE_ALIAS"
    SQLType="VARCHAR">
    <DesignTime>
      <Attr Name="_DisplaySize" Value="20"/>
    </DesignTime>
  </ViewAttribute>
  <ViewAttribute
    Name="StudySiteId"
    IsUpdateable="false"
    IsPersistent="false"
    PrecisionRule="true"
    Precision="10"
    Type="java.lang.String"
    ColumnType="VARCHAR2"
    AliasName="STUDY_SITE_ID"
    Expression="STUDY_SITE_ID"
    SQLType="VARCHAR">
    <DesignTime>
      <Attr Name="_DisplaySize" Value="10"/>
    </DesignTime>
  </ViewAttribute>
  <ViewAttribute
    Name="ProjectCodeAlias"
    IsUpdateable="false"
    IsPersistent="false"
    PrecisionRule="true"
    Precision="20"
    Type="java.lang.String"
    ColumnType="VARCHAR2"
    AliasName="PROJECT_CODE_ALIAS"
    Expression="PROJECT_CODE_ALIAS"
    SQLType="VARCHAR">
    <DesignTime>
      <Attr Name="_DisplaySize" Value="20"/>
    </DesignTime>
  </ViewAttribute>
  <AttrArray Name="KeyAttributes">
    <Item Value="StudySiteId"/>
  </AttrArray>
  <ResourceBundle>
    <PropertiesBundle
      PropertiesFile="vpomodel.VPORESTModelBundle"/>
  </ResourceBundle>
</ViewObject>
