<?xml version="1.0" encoding="windows-1252" ?>
<!DOCTYPE ViewObject SYSTEM "jbo_03_01.dtd">
<!---->
<ViewObject
  xmlns="http://xmlns.oracle.com/bc4j"
  Name="SiteInfoEcg"
  Version="12.2.1.12.24"
  InheritPersonalization="merge"
  BindingStyle="OracleName"
  CustomQuery="true"
  PageIterMode="Full">
  <DesignTime>
    <Attr Name="_isExpertMode" Value="true"/>
  </DesignTime>
  <Properties>
    <SchemaBasedProperties>
      <LABEL
        ResId="vpomodel.vo.SiteInfoEcg_LABEL"/>
    </SchemaBasedProperties>
  </Properties>
  <Variable
    Name="trialDetailsStudyCode"
    Kind="where"
    Type="java.lang.String"/>
  <Variable
    Name="centerStudyRef1"
    Kind="where"
    Type="java.lang.String"/>
  <Variable
    Name="centerCountryCode"
    Kind="where"
    Type="java.lang.String"/>
  <Variable
    Name="centerStateCode1"
    Kind="where"
    Type="java.lang.String"/>
  <SQLQuery><![CDATA[SELECT          
SSP.STUDY_CODE_ALIAS,P.PROJECT_CODE_ALIAS ,C.POSTAL_ADDRESS_POSTAL_CODE        
,C.POSTAL_ADDRESS_LINES         
,C.POSTAL_ADDRESS_CITY_NAME,C.POSTAL_ADDRESS_STATE_NAME         
,C.POSTAL_ADDRESS_COUNTRY_NAME,SS.STUDY_SITE_EID ,SS.SITE_NAME        
 FROM ESB_V_STUDY_SITE_PERSONNEL SSP        
,ESB_V_SITE S        
,ESB_V_CENTER C        
,ESB_V_STUDY_SITE SS         
,ESB_V_STUDY S         
,ESB_V_PROJECT P         
WHERE          
S.CENTER_EREF=C.CENTER_EID         
AND SS.SITE_EREF=S.SITE_EID         
AND S.OBJECT_STATE_CODE like :centerStateCode1         
AND S.POSTAL_ADDRESS_COUNTRY_NAME like :centerCountryCode         
AND SS.STUDY_SITE_EID like :centerStudyRef1        
AND SSP.STUDY_EREF=S.STUDY_EID         
AND P.PROJECT_EID = S.PROJECT_EREF         
AND SSP.STUDY_CODE_ALIAS  like :trialDetailsStudyCode]]></SQLQuery>
  <ViewAttribute
    Name="StudyCodeAlias"
    IsUpdateable="false"
    IsPersistent="false"
    PrecisionRule="true"
    Precision="255"
    Type="java.lang.String"
    ColumnType="VARCHAR2"
    AliasName="STUDY_CODE_ALIAS"
    Expression="STUDY_CODE_ALIAS"
    SQLType="VARCHAR">
    <DesignTime>
      <Attr Name="_DisplaySize" Value="20"/>
    </DesignTime>
  </ViewAttribute>
  <ViewAttribute
    Name="ProjectCodeAlias"
    IsUpdateable="false"
    IsPersistent="false"
    PrecisionRule="true"
    Precision="20"
    Type="java.lang.String"
    ColumnType="VARCHAR2"
    AliasName="PROJECT_CODE_ALIAS"
    Expression="PROJECT_CODE_ALIAS"
    SQLType="VARCHAR">
    <DesignTime>
      <Attr Name="_DisplaySize" Value="20"/>
    </DesignTime>
  </ViewAttribute>
  <ViewAttribute
    Name="PostalAddressPostalCode"
    IsUpdateable="false"
    IsPersistent="false"
    PrecisionRule="true"
    Precision="20"
    Type="java.lang.String"
    ColumnType="VARCHAR2"
    AliasName="POSTAL_ADDRESS_POSTAL_CODE"
    Expression="POSTAL_ADDRESS_POSTAL_CODE"
    SQLType="VARCHAR">
    <DesignTime>
      <Attr Name="_DisplaySize" Value="20"/>
    </DesignTime>
  </ViewAttribute>
  <ViewAttribute
    Name="PostalAddressLines"
    IsUpdateable="false"
    IsPersistent="false"
    PrecisionRule="true"
    Precision="410"
    Type="java.lang.String"
    ColumnType="VARCHAR2"
    AliasName="POSTAL_ADDRESS_LINES"
    Expression="POSTAL_ADDRESS_LINES"
    SQLType="VARCHAR">
    <DesignTime>
      <Attr Name="_DisplaySize" Value="410"/>
    </DesignTime>
  </ViewAttribute>
  <ViewAttribute
    Name="PostalAddressCityName"
    IsUpdateable="false"
    IsPersistent="false"
    PrecisionRule="true"
    Precision="30"
    Type="java.lang.String"
    ColumnType="VARCHAR2"
    AliasName="POSTAL_ADDRESS_CITY_NAME"
    Expression="POSTAL_ADDRESS_CITY_NAME"
    SQLType="VARCHAR">
    <DesignTime>
      <Attr Name="_DisplaySize" Value="30"/>
    </DesignTime>
  </ViewAttribute>
  <ViewAttribute
    Name="PostalAddressStateName"
    IsUpdateable="false"
    IsPersistent="false"
    PrecisionRule="true"
    Precision="30"
    Type="java.lang.String"
    ColumnType="VARCHAR2"
    AliasName="POSTAL_ADDRESS_STATE_NAME"
    Expression="POSTAL_ADDRESS_STATE_NAME"
    SQLType="VARCHAR">
    <DesignTime>
      <Attr Name="_DisplaySize" Value="30"/>
    </DesignTime>
  </ViewAttribute>
  <ViewAttribute
    Name="PostalAddressCountryName"
    IsUpdateable="false"
    IsPersistent="false"
    PrecisionRule="true"
    Precision="3"
    Type="java.lang.String"
    ColumnType="VARCHAR2"
    AliasName="POSTAL_ADDRESS_COUNTRY_NAME"
    Expression="POSTAL_ADDRESS_COUNTRY_NAME"
    SQLType="VARCHAR">
    <DesignTime>
      <Attr Name="_DisplaySize" Value="3"/>
    </DesignTime>
  </ViewAttribute>
  <ViewAttribute
    Name="StudySiteEid"
    IsUpdateable="false"
    IsPersistent="false"
    PrecisionRule="true"
    Precision="200"
    Type="java.lang.String"
    ColumnType="VARCHAR2"
    AliasName="STUDY_SITE_EID"
    Expression="STUDY_SITE_EID"
    SQLType="VARCHAR">
    <DesignTime>
      <Attr Name="_DisplaySize" Value="200"/>
    </DesignTime>
  </ViewAttribute>
  <ViewAttribute
    Name="SiteName"
    IsUpdateable="false"
    IsPersistent="false"
    PrecisionRule="true"
    Precision="405"
    Type="java.lang.String"
    ColumnType="VARCHAR2"
    AliasName="SITE_NAME"
    Expression="SITE_NAME"
    SQLType="VARCHAR">
    <DesignTime>
      <Attr Name="_DisplaySize" Value="405"/>
    </DesignTime>
  </ViewAttribute>
  <AttrArray Name="KeyAttributes">
    <Item Value="StudyCodeAlias"/>
  </AttrArray>
  <ResourceBundle>
    <PropertiesBundle
      PropertiesFile="vpomodel.VPORESTModelBundle"/>
  </ResourceBundle>
</ViewObject>
