<?xml version="1.0" encoding="UTF-8" ?>
<!DOCTYPE ViewObject SYSTEM "jbo_03_01.dtd">
<!---->
<ViewObject
  xmlns="http://xmlns.oracle.com/bc4j"
  Name="CountryView"
  Version="12.2.1.9.14"
  InheritPersonalization="merge"
  BindingStyle="OracleName"
  CustomQuery="true"
  PageIterMode="Full">
  <DesignTime>
    <Attr Name="_isExpertMode" Value="true"/>
  </DesignTime>
  <SQLQuery><![CDATA[SELECT Country.COUNTRY_ID,
       Country.COUNTRY_CODE,
       Country.COUNTRY_DESC,
       Country.CURRENCY_CODE,
       Country.CURRENCY_DESC,
       Country.CREATED_DATE,
       Country.CREATED_BY,
       Country.UPDATED_DATE,
       Country.UPDATED_BY,
       Country.REGION_ID
FROM COUNTRY Country]]></SQLQuery>
  <ViewAttribute
    Name="CountryId"
    IsUpdateable="false"
    IsPersistent="false"
    IsNotNull="true"
    PrecisionRule="true"
    Type="java.math.BigDecimal"
    ColumnType="NUMBER"
    AliasName="COUNTRY_ID"
    Expression="COUNTRY_ID"
    SQLType="NUMERIC"/>
  <ViewAttribute
    Name="CountryCode"
    IsUpdateable="false"
    IsPersistent="false"
    IsNotNull="true"
    PrecisionRule="true"
    Precision="3"
    Type="java.lang.String"
    ColumnType="VARCHAR2"
    AliasName="COUNTRY_CODE"
    Expression="COUNTRY_CODE"
    SQLType="VARCHAR">
    <DesignTime>
      <Attr Name="_DisplaySize" Value="3"/>
    </DesignTime>
  </ViewAttribute>
  <ViewAttribute
    Name="CountryDesc"
    IsUpdateable="false"
    IsPersistent="false"
    PrecisionRule="true"
    Precision="30"
    Type="java.lang.String"
    ColumnType="VARCHAR2"
    AliasName="COUNTRY_DESC"
    Expression="COUNTRY_DESC"
    SQLType="VARCHAR">
    <DesignTime>
      <Attr Name="_DisplaySize" Value="30"/>
    </DesignTime>
  </ViewAttribute>
  <ViewAttribute
    Name="CurrencyCode"
    IsUpdateable="false"
    IsPersistent="false"
    PrecisionRule="true"
    Precision="3"
    Type="java.lang.String"
    ColumnType="VARCHAR2"
    AliasName="CURRENCY_CODE"
    Expression="CURRENCY_CODE"
    SQLType="VARCHAR">
    <DesignTime>
      <Attr Name="_DisplaySize" Value="3"/>
    </DesignTime>
  </ViewAttribute>
  <ViewAttribute
    Name="CurrencyDesc"
    IsUpdateable="false"
    IsPersistent="false"
    PrecisionRule="true"
    Precision="30"
    Type="java.lang.String"
    ColumnType="VARCHAR2"
    AliasName="CURRENCY_DESC"
    Expression="CURRENCY_DESC"
    SQLType="VARCHAR">
    <DesignTime>
      <Attr Name="_DisplaySize" Value="30"/>
    </DesignTime>
  </ViewAttribute>
  <ViewAttribute
    Name="CreatedDate"
    IsUpdateable="false"
    IsPersistent="false"
    PrecisionRule="true"
    Type="java.sql.Timestamp"
    ColumnType="DATE"
    AliasName="CREATED_DATE"
    Expression="CREATED_DATE"
    SQLType="DATE"/>
  <ViewAttribute
    Name="CreatedBy"
    IsUpdateable="false"
    IsPersistent="false"
    PrecisionRule="true"
    Precision="50"
    Type="java.lang.String"
    ColumnType="VARCHAR2"
    AliasName="CREATED_BY"
    Expression="CREATED_BY"
    SQLType="VARCHAR">
    <DesignTime>
      <Attr Name="_DisplaySize" Value="50"/>
    </DesignTime>
  </ViewAttribute>
  <ViewAttribute
    Name="UpdatedDate"
    IsUpdateable="false"
    IsPersistent="false"
    PrecisionRule="true"
    Type="java.sql.Timestamp"
    ColumnType="DATE"
    AliasName="UPDATED_DATE"
    Expression="UPDATED_DATE"
    SQLType="DATE"/>
  <ViewAttribute
    Name="UpdatedBy"
    IsUpdateable="false"
    IsPersistent="false"
    PrecisionRule="true"
    Precision="50"
    Type="java.lang.String"
    ColumnType="VARCHAR2"
    AliasName="UPDATED_BY"
    Expression="UPDATED_BY"
    SQLType="VARCHAR">
    <DesignTime>
      <Attr Name="_DisplaySize" Value="50"/>
    </DesignTime>
  </ViewAttribute>
  <ViewAttribute
    Name="RegionId"
    IsUpdateable="false"
    IsPersistent="false"
    PrecisionRule="true"
    Type="java.math.BigDecimal"
    ColumnType="NUMBER"
    AliasName="REGION_ID"
    Expression="REGION_ID"
    SQLType="NUMERIC"/>
  <AttrArray Name="KeyAttributes">
    <Item Value="CountryId"/>
  </AttrArray>
</ViewObject>
