<?xml version="1.0" encoding="windows-1252" ?>
<!DOCTYPE ViewObject SYSTEM "jbo_03_01.dtd">
<!---->
<ViewObject
  xmlns="http://xmlns.oracle.com/bc4j"
  Name="InfoECG1"
  Version="12.2.1.12.24"
  InheritPersonalization="merge"
  BindingStyle="OracleName"
  CustomQuery="true"
  PageIterMode="Full">
  <DesignTime>
    <Attr Name="_isExpertMode" Value="true"/>
  </DesignTime>
  <Properties>
    <SchemaBasedProperties>
      <LABEL
        ResId="vpomodel.vo.InfoECG1_LABEL"/>
    </SchemaBasedProperties>
  </Properties>
  <Variable
    Name="countryCode"
    Kind="where"
    Type="java.lang.String"/>
  <Variable
    Name="trailID1"
    Kind="where"
    Type="java.lang.String"/>
  <Variable
    Name="siteID"
    Kind="where"
    Type="java.lang.String"/>
  <Variable
    Name="roleOfInvestigator"
    Kind="where"
    Type="java.lang.String"/>
  <SQLQuery><![CDATA[SELECT   
P.FORENAME PIFirstName   
,P.SURNAME PILastName   
,P.PHONE_ADDRESS PIPHONE   
,P.FAX_ADDRESS PIFAX   
,P.EMAIL_ADDRESS PIMAILADDRESS   
,SSP.ROLE_AT_SITE_LVL_CODE   
FROM ESB_V_STUDY_SITE_PERSONNEL SSP,ESB_V_STUDY S,ESB_V_STUDY_SITE SS,ESB_V_SITE S,ESB_V_PERSONNEL P   
WHERE S.STUDY_EID=SSP.STUDY_EREF   
AND SS.STUDY_SITE_EID=SSP.STUDY_SITE_EREF   
AND S.SITE_EID=SS.SITE_EREF   
AND S.STUDY_STATUS_CODE IN ('A','P')    
AND SS.STUDY_SITE_STATUS_CODE IN ('ACT','PLN')   
AND SSP.PERSONNEL_EREF=P.PERSONNEL_EID   
AND SSP.ROLE_AT_SITE_LVL_CODE LIKE :roleOfInvestigator   
AND SSP.STUDY_SITE_ID LIKE :siteID    
AND SSP.STUDY_CODE_ALIAS LIKE :trailID1   
AND SSP.COUNTRY_CODE LIKE :countryCode]]></SQLQuery>
  <ViewAttribute
    Name="Pifirstname"
    IsUpdateable="false"
    IsPersistent="false"
    PrecisionRule="true"
    Precision="255"
    Type="java.lang.String"
    ColumnType="VARCHAR2"
    AliasName="PIFIRSTNAME"
    Expression="PIFIRSTNAME"
    SQLType="VARCHAR">
    <DesignTime>
      <Attr Name="_DisplaySize" Value="30"/>
    </DesignTime>
  </ViewAttribute>
  <ViewAttribute
    Name="Pilastname"
    IsUpdateable="false"
    IsPersistent="false"
    PrecisionRule="true"
    Precision="30"
    Type="java.lang.String"
    ColumnType="VARCHAR2"
    AliasName="PILASTNAME"
    Expression="PILASTNAME"
    SQLType="VARCHAR">
    <DesignTime>
      <Attr Name="_DisplaySize" Value="30"/>
    </DesignTime>
  </ViewAttribute>
  <ViewAttribute
    Name="Piphone"
    IsUpdateable="false"
    IsPersistent="false"
    PrecisionRule="true"
    Precision="30"
    Type="java.lang.String"
    ColumnType="VARCHAR2"
    AliasName="PIPHONE"
    Expression="PIPHONE"
    SQLType="VARCHAR">
    <DesignTime>
      <Attr Name="_DisplaySize" Value="30"/>
    </DesignTime>
  </ViewAttribute>
  <ViewAttribute
    Name="Pifax"
    IsUpdateable="false"
    IsPersistent="false"
    PrecisionRule="true"
    Precision="30"
    Type="java.lang.String"
    ColumnType="VARCHAR2"
    AliasName="PIFAX"
    Expression="PIFAX"
    SQLType="VARCHAR">
    <DesignTime>
      <Attr Name="_DisplaySize" Value="30"/>
    </DesignTime>
  </ViewAttribute>
  <ViewAttribute
    Name="Pimailaddress"
    IsUpdateable="false"
    IsPersistent="false"
    PrecisionRule="true"
    Precision="120"
    Type="java.lang.String"
    ColumnType="VARCHAR2"
    AliasName="PIMAILADDRESS"
    Expression="PIMAILADDRESS"
    SQLType="VARCHAR">
    <DesignTime>
      <Attr Name="_DisplaySize" Value="120"/>
    </DesignTime>
  </ViewAttribute>
  <ViewAttribute
    Name="RoleAtSiteLvlCode"
    IsUpdateable="false"
    IsPersistent="false"
    PrecisionRule="true"
    Precision="6"
    Type="java.lang.String"
    ColumnType="VARCHAR2"
    AliasName="ROLE_AT_SITE_LVL_CODE"
    Expression="ROLE_AT_SITE_LVL_CODE"
    SQLType="VARCHAR">
    <DesignTime>
      <Attr Name="_DisplaySize" Value="6"/>
    </DesignTime>
  </ViewAttribute>
  <AttrArray Name="KeyAttributes">
    <Item Value="Pifirstname"/>
  </AttrArray>
  <ResourceBundle>
    <PropertiesBundle
      PropertiesFile="vpomodel.VPORESTModelBundle"/>
  </ResourceBundle>
</ViewObject>
