<?xml version="1.0" encoding="windows-1252" ?>
<!DOCTYPE ViewObject SYSTEM "jbo_03_01.dtd">
<!---->
<ViewObject
  xmlns="http://xmlns.oracle.com/bc4j"
  Name="RevokeDeligation"
  Version="12.2.1.12.24"
  InheritPersonalization="merge"
  BindingStyle="OracleName"
  CustomQuery="true"
  PageIterMode="Full">
  <DesignTime>
    <Attr Name="_isExpertMode" Value="true"/>
  </DesignTime>
  <Properties>
    <SchemaBasedProperties>
      <LABEL
        ResId="vpomodel.vo.RevokeDeligation_LABEL"/>
    </SchemaBasedProperties>
  </Properties>
  <Variable
    Name="personnelUserId"
    Kind="where"
    Type="java.lang.String"/>
  <SQLQuery><![CDATA[SELECT URD.DELEGATION_ID 
,FD.FORM_DELEGATION_ID 
,FD.VENDOR_FORM_ID 
,FD.DELGATION_ID 
,FD.FORM_DEL_FLAG 
,URD.FROM_USER_ID 
,URD.TO_USER_ID 
,URD.ROLE_ID 
,URD.START_DATE 
,URD.END_DATE 
,URD.UR_DELEGATION_FLAG 
FROM USER_ROLE_DELEGATION URD,FORM_DELEGATION FD 
WHERE  
URD.DELEGATION_ID=FD.DELGATION_ID 
AND URD.TO_USER_ID IN ( 
SELECT UM.USER_ID 
FROM USER_MASTER UM 
WHERE UM.PERSONNEL_ID = ( 
SELECT PD.PERSONNEL_ID 
FROM PERSONNEL_DETAILS PD 
WHERE PD.PERSONNEL_USER_ID = :personnelUserId))]]></SQLQuery>
  <ViewAttribute
    Name="DelegationId"
    IsUpdateable="false"
    IsPersistent="false"
    PrecisionRule="true"
    Type="java.math.BigDecimal"
    ColumnType="NUMBER"
    AliasName="DELEGATION_ID"
    Expression="DELEGATION_ID"
    SQLType="NUMERIC"/>
  <ViewAttribute
    Name="FormDelegationId"
    IsUpdateable="false"
    IsPersistent="false"
    PrecisionRule="true"
    Type="java.math.BigDecimal"
    ColumnType="NUMBER"
    AliasName="FORM_DELEGATION_ID"
    Expression="FORM_DELEGATION_ID"
    SQLType="NUMERIC"/>
  <ViewAttribute
    Name="VendorFormId"
    IsUpdateable="false"
    IsPersistent="false"
    PrecisionRule="true"
    Type="java.math.BigDecimal"
    ColumnType="NUMBER"
    AliasName="VENDOR_FORM_ID"
    Expression="VENDOR_FORM_ID"
    SQLType="NUMERIC"/>
  <ViewAttribute
    Name="DelgationId"
    IsUpdateable="false"
    IsPersistent="false"
    PrecisionRule="true"
    Type="java.math.BigDecimal"
    ColumnType="NUMBER"
    AliasName="DELGATION_ID"
    Expression="DELGATION_ID"
    SQLType="NUMERIC"/>
  <ViewAttribute
    Name="FormDelFlag"
    IsUpdateable="false"
    IsPersistent="false"
    PrecisionRule="true"
    Precision="3"
    Type="java.lang.String"
    ColumnType="VARCHAR2"
    AliasName="FORM_DEL_FLAG"
    Expression="FORM_DEL_FLAG"
    SQLType="VARCHAR">
    <DesignTime>
      <Attr Name="_DisplaySize" Value="3"/>
    </DesignTime>
  </ViewAttribute>
  <ViewAttribute
    Name="FromUserId"
    IsUpdateable="false"
    IsPersistent="false"
    PrecisionRule="true"
    Type="java.math.BigDecimal"
    ColumnType="NUMBER"
    AliasName="FROM_USER_ID"
    Expression="FROM_USER_ID"
    SQLType="NUMERIC"/>
  <ViewAttribute
    Name="ToUserId"
    IsUpdateable="false"
    IsPersistent="false"
    PrecisionRule="true"
    Type="java.math.BigDecimal"
    ColumnType="NUMBER"
    AliasName="TO_USER_ID"
    Expression="TO_USER_ID"
    SQLType="NUMERIC"/>
  <ViewAttribute
    Name="RoleId"
    IsUpdateable="false"
    IsPersistent="false"
    PrecisionRule="true"
    Type="java.math.BigDecimal"
    ColumnType="NUMBER"
    AliasName="ROLE_ID"
    Expression="ROLE_ID"
    SQLType="NUMERIC"/>
  <ViewAttribute
    Name="StartDate"
    IsUpdateable="false"
    IsPersistent="false"
    PrecisionRule="true"
    Precision="50"
    Type="java.lang.String"
    ColumnType="VARCHAR2"
    AliasName="START_DATE"
    Expression="START_DATE"
    SQLType="VARCHAR">
    <DesignTime>
      <Attr Name="_DisplaySize" Value="50"/>
    </DesignTime>
  </ViewAttribute>
  <ViewAttribute
    Name="EndDate"
    IsUpdateable="false"
    IsPersistent="false"
    PrecisionRule="true"
    Precision="50"
    Type="java.lang.String"
    ColumnType="VARCHAR2"
    AliasName="END_DATE"
    Expression="END_DATE"
    SQLType="VARCHAR">
    <DesignTime>
      <Attr Name="_DisplaySize" Value="50"/>
    </DesignTime>
  </ViewAttribute>
  <ViewAttribute
    Name="UrDelegationFlag"
    IsUpdateable="false"
    IsPersistent="false"
    PrecisionRule="true"
    Precision="3"
    Type="java.lang.String"
    ColumnType="VARCHAR2"
    AliasName="UR_DELEGATION_FLAG"
    Expression="UR_DELEGATION_FLAG"
    SQLType="VARCHAR">
    <DesignTime>
      <Attr Name="_DisplaySize" Value="3"/>
    </DesignTime>
  </ViewAttribute>
  <AttrArray Name="KeyAttributes">
    <Item Value="DelegationId"/>
  </AttrArray>
  <ResourceBundle>
    <PropertiesBundle
      PropertiesFile="vpomodel.VPORESTModelBundle"/>
  </ResourceBundle>
</ViewObject>
