<?xml version="1.0" encoding="windows-1252" ?>
<!DOCTYPE ViewObject SYSTEM "jbo_03_01.dtd">
<!---->
<ViewObject
  xmlns="http://xmlns.oracle.com/bc4j"
  Name="SiteInfoEcgMO"
  Version="12.2.1.12.24"
  InheritPersonalization="merge"
  BindingStyle="OracleName"
  CustomQuery="true"
  PageIterMode="Full">
  <DesignTime>
    <Attr Name="_isExpertMode" Value="true"/>
  </DesignTime>
  <Properties>
    <SchemaBasedProperties>
      <LABEL
        ResId="vpomodel.vo.SiteInfoEcgMO_LABEL"/>
    </SchemaBasedProperties>
  </Properties>
  <Variable
    Name="siteId"
    Kind="where"
    Type="java.lang.String"/>
  <Variable
    Name="countryCode"
    Kind="where"
    Type="java.lang.String"/>
  <Variable
    Name="studyCodeAlias"
    Kind="where"
    Type="java.lang.String"/>
  <Variable
    Name="personalId"
    Kind="where"
    Type="java.lang.String"/>
  <SQLQuery><![CDATA[SELECT SSP.STUDY_CODE_ALIAS , SSP.STUDY_SITE_ID      
,S.SITE_NAME      
,S.POSTAL_ADDRESS_LINES      
,S.POSTAL_ADDRESS_CITY_NAME      
,S.POSTAL_ADDRESS_POSTAL_CODE      
,S.POSTAL_ADDRESS_COUNTRY_NAME      
FROM ESB_V_STUDY_SITE_PERSONNEL SSP,ESB_V_STUDY S1,ESB_V_STUDY_SITE SS,ESB_V_SITE S     
WHERE S1.STUDY_EID=SSP.STUDY_EREF     
AND SS.STUDY_SITE_EID=SSP.STUDY_SITE_EREF     
AND S.SITE_EID=SS.SITE_EREF     
AND S1.STUDY_STATUS_CODE IN ('A','P') AND SS.STUDY_SITE_STATUS_CODE IN ('ACT','PLN')     
AND SSP.PERSONNEL_ID like :personalId     
AND SSP.STUDY_CODE_ALIAS like :studyCodeAlias      
AND SSP.COUNTRY_CODE like :countryCode     
AND SSP.STUDY_SITE_ID like :siteId]]></SQLQuery>
  <ViewAttribute
    Name="StudyCodeAlias"
    IsUpdateable="false"
    IsPersistent="false"
    PrecisionRule="true"
    Precision="20"
    Type="java.lang.String"
    ColumnType="VARCHAR2"
    AliasName="STUDY_CODE_ALIAS"
    Expression="STUDY_CODE_ALIAS"
    SQLType="VARCHAR">
    <DesignTime>
      <Attr Name="_DisplaySize" Value="20"/>
    </DesignTime>
  </ViewAttribute>
  <ViewAttribute
    Name="StudySiteId"
    IsUpdateable="false"
    IsPersistent="false"
    PrecisionRule="true"
    Precision="10"
    Type="java.lang.String"
    ColumnType="VARCHAR2"
    AliasName="STUDY_SITE_ID"
    Expression="STUDY_SITE_ID"
    SQLType="VARCHAR">
    <DesignTime>
      <Attr Name="_DisplaySize" Value="10"/>
    </DesignTime>
  </ViewAttribute>
  <ViewAttribute
    Name="SiteName"
    IsUpdateable="false"
    IsPersistent="false"
    PrecisionRule="true"
    Precision="405"
    Type="java.lang.String"
    ColumnType="VARCHAR2"
    AliasName="SITE_NAME"
    Expression="SITE_NAME"
    SQLType="VARCHAR">
    <DesignTime>
      <Attr Name="_DisplaySize" Value="405"/>
    </DesignTime>
  </ViewAttribute>
  <ViewAttribute
    Name="PostalAddressLines"
    IsUpdateable="false"
    IsPersistent="false"
    PrecisionRule="true"
    Precision="410"
    Type="java.lang.String"
    ColumnType="VARCHAR2"
    AliasName="POSTAL_ADDRESS_LINES"
    Expression="POSTAL_ADDRESS_LINES"
    SQLType="VARCHAR">
    <DesignTime>
      <Attr Name="_DisplaySize" Value="410"/>
    </DesignTime>
  </ViewAttribute>
  <ViewAttribute
    Name="PostalAddressCityName"
    IsUpdateable="false"
    IsPersistent="false"
    PrecisionRule="true"
    Precision="30"
    Type="java.lang.String"
    ColumnType="VARCHAR2"
    AliasName="POSTAL_ADDRESS_CITY_NAME"
    Expression="POSTAL_ADDRESS_CITY_NAME"
    SQLType="VARCHAR">
    <DesignTime>
      <Attr Name="_DisplaySize" Value="30"/>
    </DesignTime>
  </ViewAttribute>
  <ViewAttribute
    Name="PostalAddressPostalCode"
    IsUpdateable="false"
    IsPersistent="false"
    PrecisionRule="true"
    Precision="20"
    Type="java.lang.String"
    ColumnType="VARCHAR2"
    AliasName="POSTAL_ADDRESS_POSTAL_CODE"
    Expression="POSTAL_ADDRESS_POSTAL_CODE"
    SQLType="VARCHAR">
    <DesignTime>
      <Attr Name="_DisplaySize" Value="20"/>
    </DesignTime>
  </ViewAttribute>
  <ViewAttribute
    Name="PostalAddressCountryName"
    IsUpdateable="false"
    IsPersistent="false"
    PrecisionRule="true"
    Precision="3"
    Type="java.lang.String"
    ColumnType="VARCHAR2"
    AliasName="POSTAL_ADDRESS_COUNTRY_NAME"
    Expression="POSTAL_ADDRESS_COUNTRY_NAME"
    SQLType="VARCHAR">
    <DesignTime>
      <Attr Name="_DisplaySize" Value="3"/>
    </DesignTime>
  </ViewAttribute>
  <ResourceBundle>
    <PropertiesBundle
      PropertiesFile="vpomodel.VPORESTModelBundle"/>
  </ResourceBundle>
</ViewObject>
